{ "compressionlevel":-1,
 "editorsettings":
    {
     "export":
        {
         "format":"json",
         "target":"tiny.json"
        }
    },
 "height":16,
 "infinite":false,
 "layers":[
        {
         "data":[12, 12, 12, 12, 12, 12, 12, 12, 12, 12, 12, 12, 12, 12, 12, 12, 12, 2, 2, 2, 2, 2, 2, 2, 2, 2, 2, 2, 2, 2, 2, 12, 12, 2, 5, 4, 4, 4, 4, 4, 4, 4, 4, 4, 4, 4, 2, 12, 12, 2, 3, 3, 3, 3, 3, 3, 3, 3, 3, 3, 3, 4, 2, 12, 12, 2, 4, 4, 4, 4, 4, 4, 4, 4, 4, 4, 3, 4, 2, 12, 12, 2, 4, 3, 4, 3, 3, 3, 3, 3, 3, 4, 3, 4, 2, 12, 12, 2, 4, 3, 4, 3, 4, 4, 4, 3, 3, 4, 3, 4, 2, 12, 12, 2, 4, 3, 4, 3, 4, 3, 4, 3, 3, 4, 3, 4, 2, 12, 12, 2, 4, 3, 4, 3, 4, 3, 4, 3, 3, 4, 3, 4, 2, 12, 12, 2, 4, 3, 4, 3, 4, 3, 4, 4, 4, 4, 3, 4, 2, 12, 12, 2, 4, 3, 4, 3, 4, 3, 3, 3, 3, 4, 3, 4, 2, 12, 12, 2, 4, 3, 3, 3, 4, 4, 4, 4, 4, 4, 3, 4, 2, 12, 12, 2, 4, 3, 3, 3, 3, 3, 3, 3, 3, 3, 3, 4, 2, 12, 12, 2, 4, 4, 4, 4, 4, 4, 4, 4, 4, 4, 4, 4, 2, 12, 12, 2, 2, 2, 2, 2, 2, 2, 2, 2, 2, 2, 2, 2, 2, 12, 12, 12, 12, 12, 12, 12, 12, 12, 12, 12, 12, 12, 12, 12, 12, 12],
         "height":16,
         "id":1,
         "name":"BG",
         "opacity":1,
         "type":"tilelayer",
         "visible":true,
         "width":16,
         "x":0,
         "y":0
        }, 
        {
         "data":[0, 0, 0, 0, 0, 0, 0, 0, 0, 0, 0, 0, 0, 0, 0, 0, 0, 1, 1, 1, 1, 1, 1, 1, 1, 1, 1, 1, 1, 1, 1, 0, 0, 1, 0, 0, 0, 0, 0, 0, 0, 0, 0, 0, 0, 0, 1, 0, 0, 1, 1, 1, 1, 1, 1, 1, 1, 1, 1, 1, 1, 0, 1, 0, 0, 1, 0, 0, 0, 0, 0, 0, 0, 0, 0, 0, 1, 0, 1, 0, 0, 1, 0, 1, 0, 1, 1, 1, 1, 1, 1, 0, 1, 0, 1, 0, 0, 1, 0, 1, 0, 1, 0, 0, 0, 0, 1, 0, 1, 0, 1, 0, 0, 1, 0, 1, 0, 1, 0, 1, 0, 1, 1, 0, 1, 0, 1, 0, 0, 1, 0, 1, 0, 1, 0, 1, 0, 1, 1, 0, 1, 0, 1, 0, 0, 1, 0, 1, 0, 1, 0, 1, 0, 0, 0, 0, 1, 0, 1, 0, 0, 1, 0, 1, 0, 1, 0, 1, 1, 1, 1, 0, 1, 0, 1, 0, 0, 1, 0, 1, 0, 1, 0, 0, 0, 0, 0, 0, 1, 0, 1, 0, 0, 1, 0, 1, 1, 1, 1, 1, 1, 1, 1, 1, 1, 0, 1, 0, 0, 1, 0, 0, 0, 0, 0, 0, 0, 0, 0, 0, 0, 0, 1, 0, 0, 1, 1, 1, 1, 1, 1, 1, 1, 1, 1, 1, 1, 1, 1, 0, 0, 0, 0, 0, 0, 0, 0, 0, 0, 0, 0, 0, 0, 0, 0, 0],
         "height":16,
         "id":2,
         "name":"Collision",
         "opacity":1,
         "type":"tilelayer",
         "visible":true,
         "width":16,
         "x":0,
         "y":0
        }, 
        {
         "draworder":"topdown",
         "id":3,
         "name":"Objects",
         "objects":[
                {
                 "height":39.1457170533697,
                 "id":1,
                 "name":"",
                 "properties":[
                        {
                         "name":"message",
                         "type":"string",
                         "value":"YOU WIN LIFE"
                        }],
                 "rotation":0,
                 "type":"message",
                 "visible":true,
                 "width":33.1232990451589,
                 "x":441.894921352461,
                 "y":289.828866645141
                }, 
                {
                 "height":34.6289035472116,
                 "id":2,
                 "name":"",
                 "properties":[
                        {
                         "name":"message",
                         "type":"string",
                         "value":"ERROR"
                        }],
                 "rotation":0,
                 "type":"message",
                 "visible":true,
                 "width":36.1345080492643,
                 "x":197.234189768901,
                 "y":535.995202730753
                }, 
                {
                 "height":37.6401125513169,
                 "id":3,
                 "name":"",
                 "properties":[
                        {
                         "name":"dest",
                         "type":"string",
                         "value":"testing"
                        }],
                 "rotation":0,
                 "type":"stairs",
                 "visible":true,
                 "width":34.6289035472116,
                 "x":102.381106139582,
                 "y":98.6170948844504
                }, 
                {
                 "height":0,
                 "id":5,
                 "name":"",
                 "point":true,
                 "rotation":0,
                 "type":"stairpos",
                 "visible":true,
                 "width":0,
                 "x":162.605286221689,
                 "y":125.717975921399
                }],
         "opacity":1,
         "type":"objectgroup",
         "visible":true,
         "x":0,
         "y":0
        }],
 "nextlayerid":4,
 "nextobjectid":6,
 "orientation":"orthogonal",
 "renderorder":"right-down",
 "tiledversion":"1.6.0",
 "tileheight":48,
 "tilesets":[
        {
         "columns":10,
         "firstgid":1,
         "image":"tiles.png",
         "imageheight":512,
         "imagewidth":512,
         "margin":1,
         "name":"tiles",
         "spacing":2,
         "tilecount":100,
         "tileheight":48,
         "tilewidth":48,
         "transparentcolor":"#ff00ff"
        }],
 "tilewidth":48,
 "type":"map",
 "version":"1.6",
 "width":16
}